{
  "known_sites": 189,
  "dsites_predictions": 12220,
  "fimo_predictions": 350,
  "dsites_recall": 0.7407407407407407,
  "fimo_recall": 0.07936507936507936,
  "recall_improvement": 0.6613756613756614,
  "dsites_known_hits": 140,
  "fimo_known_hits": 15,
  "dsites_precision": 0.011947626841243862,
  "fimo_precision": 0.04285714285714286,
  "precision_improvement": -0.030909516015898995,
  "dsites_f1": 0.023515957832344104,
  "fimo_f1": 0.055658627087198514,
  "f1_improvement": -0.032142669254854414,
  "dsites_fp_count": 12074,
  "dsites_fp_rate": 0.9880523731587562,
  "fimo_fp_count": 335,
  "fimo_fp_rate": 0.9571428571428572,
  "dsites_fn_count": 49,
  "dsites_fn_rate": 0.25925925925925924,
  "fimo_fn_count": 174,
  "fimo_fn_rate": 0.9206349206349206,
  "pr_auc_dsites": 0.721169252563769,
  "pr_auc_fimo": 0.4629583787009016,
  "roc_auc_dsites": 0.8487566137566137,
  "roc_auc_fimo": 0.5386825396825397,
  "exact_matches": 48,
  "revcomp_matches": 57,
  "substring_matches": 0,
  "mcnemar_statistic": 6.0,
  "mcnemar_pvalue": 9.879791487439493e-32,
  "statistically_significant": true,
  "negative_regions_tested": 20000,
  "dsites_fp_negative_regions": 14447,
  "fimo_fp_negative_regions": 1884,
  "dsites_fpr_negative_regions": 0.72235,
  "fimo_fpr_negative_regions": 0.0942,
  "runtime_seconds": 21.230790853500366,
  "memory_usage_mb": -107.921875
}