regulated_gene,seqid,strand,tss,promoter_start,promoter_end,hit_start,hit_end,hit_center,distance_from_tss,hit_strand,hit_seq,hit_score
frda,NC_003197.2,-,4585927,4585877,4586227,4585953,4585985,4585969,-42,-,TTAATCAAAATCAA,0.9633333333333334
glta,NC_003197.2,-,797303,797253,797603,797427,797457,797442,-139,-,TCGAAATTAATCAA,0.9633333333333334
narh,NC_003197.2,-,1858424,1858374,1858724,1858456,1858469,1858462,-38,+,TTAATGTTCTTCAT,0.96
hyci,NC_003197.2,-,2992190,2992140,2992490,2992201,2992227,2992214,-24,-,ATGACATTCATCAG,0.9333333333333332
narg,NC_003197.2,-,1862248,1862198,1862548,1862229,1862255,1862242,6,-,TTGATCGTTATCAA,0.9666666666666668
