{
  "known_sites": 363,
  "dsites_predictions": 1672,
  "fimo_predictions": 4074,
  "dsites_recall": 0.23140495867768596,
  "fimo_recall": 0.1487603305785124,
  "recall_improvement": 0.08264462809917356,
  "dsites_known_hits": 84,
  "fimo_known_hits": 54,
  "dsites_precision": 0.03708133971291866,
  "fimo_precision": 0.009818360333824251,
  "precision_improvement": 0.02726297937909441,
  "dsites_f1": 0.06391987922972127,
  "fimo_f1": 0.01842091797574579,
  "f1_improvement": 0.04549896125397548,
  "dsites_fp_count": 1610,
  "dsites_fp_rate": 0.9629186602870813,
  "fimo_fp_count": 4034,
  "fimo_fp_rate": 0.9901816396661758,
  "dsites_fn_count": 279,
  "dsites_fn_rate": 0.768595041322314,
  "fimo_fn_count": 309,
  "fimo_fn_rate": 0.8512396694214877,
  "pr_auc_dsites": 0.6036736787576673,
  "pr_auc_fimo": 0.43253056041213644,
  "roc_auc_dsites": 0.6125165289256199,
  "roc_auc_fimo": 0.5659421487603306,
  "exact_matches": 0,
  "revcomp_matches": 0,
  "substring_matches": 1,
  "mcnemar_statistic": 30.0,
  "mcnemar_pvalue": 0.0020602656809630745,
  "statistically_significant": true,
  "negative_regions_tested": 20000,
  "dsites_fp_negative_regions": 4428,
  "fimo_fp_negative_regions": 9625,
  "dsites_fpr_negative_regions": 0.2214,
  "fimo_fpr_negative_regions": 0.48125,
  "runtime_seconds": 16.072996854782104,
  "memory_usage_mb": -56.609375
}